{
  "n_tokens": {
    "count": 187855.0,
    "mean": 276.0516941257885,
    "std": 300.2087973218115,
    "min": 10.0,
    "25%": 85.0,
    "50%": 176.0,
    "75%": 347.0,
    "max": 2047.0
  },
  "lang_score": {
    "count": 237677.0,
    "mean": 0.9967223623045881,
    "std": 0.021382240815745145,
    "min": 0.803558255271045,
    "25%": 0.9999958555062615,
    "50%": 0.9999967029196447,
    "75%": 0.9999974784156325,
    "max": 0.9999998482221245
  },
  "quality_score": {
    "count": 191507.0,
    "mean": 0.9300020137998872,
    "std": 0.04916439127873116,
    "min": 0.44808124567015994,
    "25%": 0.9171040596339006,
    "50%": 0.9385954854596401,
    "75%": 0.9586187538022264,
    "max": 0.9999998245640237
  },
  "subset_counts": {
    "high_quality": 187283,
    "rest": 4224
  },
  "counts": {
    "clean_v2_rows": 237677,
    "clean_v4_rows": 237677,
    "scored_v6_rows": 191507,
    "tok_v7_rows": 187855,
    "dropped_v2_rows": 3371,
    "dropped_v4_rows": 0,
    "dropped_v5_rows": 46170
  },
  "pii_aggregate": {
    "pii_email_hits": 3299,
    "pii_phone_hits": 23689,
    "pii_cc_hits": 2459,
    "pii_iban_hits": 65,
    "has_pii": 10659
  }
}